{
  "project_info": {
    "project_number": "1060071485474",
    "firebase_url": "https://fir-data2-2a989-default-rtdb.firebaseio.com",
    "project_id": "fir-data2-2a989",
    "storage_bucket": "fir-data2-2a989.appspot.com"
  },
  "client": [
    {
      "client_info": {
        "mobilesdk_app_id": "1:1060071485474:android:86953054df88be163b9a7b",
        "android_client_info": {
          "package_name": "com.example.grisolet1"
        }
      },
      "oauth_client": [
        {
          "client_id": "1060071485474-i6ifkdqre9dkh6j3538rj8o1c2hhfloo.apps.googleusercontent.com",
          "client_type": 3
        }
      ],
      "api_key": [
        {
          "current_key": "AIzaSyDZYSTnvFwMdTaTXEu4SNQX2h3HhjT46Gc"
        }
      ],
      "services": {
        "appinvite_service": {
          "other_platform_oauth_client": [
            {
              "client_id": "1060071485474-i6ifkdqre9dkh6j3538rj8o1c2hhfloo.apps.googleusercontent.com",
              "client_type": 3
            }
          ]
        }
      }
    }
  ],
  "configuration_version": "1"
}